Workbook

Sheet Parâmetros
A1: Modelo de Valoração de Anúncios Digitais — Parâmetros
A2: Estudo de viabilidade · migração modelo legado → modelo Jovedata + Similarweb
A4: CONSTANTES DE CONVERSÃO
A5: K_NOVO — pixels por cm² (≈96 DPI) | B5: 1428.84 | C5: px²/cm²
A6: K_ANTIGO — divisor legado | B6: 17.55 | C6: constante
A7: TRAVAS / REGRAS DE TRANSIÇÃO
A8: Teto de disparo (cap máx. Novo/Antigo) | B8: 2 | C8: x
A9: Piso de queda (cap mín. Novo/Antigo) | B9: 0.5 | C9: x
A10: Banda "estável" — limite superior | B10: 1.25 | C10: x
A11: Banda "estável" — limite inferior | B11: 0.8 | C11: x

Sheet Entrada e Cálculo
A1: Portal | B1: URL | C1: Canal | D1: Anúncio | E1: Tipo Venda | F1: Alt (px) | G1: Lar (px) | H1: Preço Jovedata (R$) | I1: Preço Interno legado (R$) | J1: Área Capturada (cm²) | K1: Fator Similarweb | L1: Área banner (cm²) | M1: VALOR ANTIGO (R$) | N1: VALOR NOVO bruto (R$) | O1: Razão Novo/Antigo | P1: Status / Gargalo | Q1: VALOR FINAL c/ trava (R$)
A2: GZH | B2: GAUCHAZH.CLICRBS.COM.BR/ | C2: HOME PAGE | D2: PARALLAX | E2: CPM | F2: 800 | G2: 1260 | H2: 55 | I2: 55 | J2: 85.9 | K2: 3 | L2: =IF((F2*G2)=0,0,(F2*G2)/Parâmetros!$B$5) -> 705.46737 | M2: =(I2/Parâmetros!$B$6)*J2 -> 269.20228 | N2: =IF(L2=0,"BLOQUEADO",(H2/L2)*J2*K2) -> 20.090936 | O2: =IF(OR(N2="BLOQUEADO",M2=0),"",N2/M2) -> 0.074631375 | P2: =IF(L2=0,"DIM. ZERADA (trava)",IF(K2=0,"AUDIÊNCIA ZERO (trava)",IF(O2="","-",IF(O2>Parâmetros!$B$8,"DISPARO ↑ (cap)",IF(O2<Parâmetros!$B$9,"QUEDA ↓ (piso)",IF(AND(O2>=Parâmetros!$B$11,O2<=Parâmetros!$B$10),"ESTÁVEL","VARIAÇÃO")))))) -> QUEDA ↓ (piso) | Q2: =IF(N2="BLOQUEADO",M2,IF(O2>Parâmetros!$B$8,M2*Parâmetros!$B$8,IF(O2<Parâmetros!$B$9,M2*Parâmetros!$B$9,N2))) -> 134.60114
A3: VALOR | B3: VALOR.GLOBO.COM/ | C3: CLUSTER ROS | D3: VIDEO PRE ROLL | E3: CPM | F3: 720 | G3: 1280 | H3: 323 | I3: 323 | J3: 325.2 | K3: 3 | L3: =IF((F3*G3)=0,0,(F3*G3)/Parâmetros!$B$5) -> 644.99874 | M3: =(I3/Parâmetros!$B$6)*J3 -> 5985.1624 | N3: =IF(L3=0,"BLOQUEADO",(H3/L3)*J3*K3) -> 488.55723 | O3: =IF(OR(N3="BLOQUEADO",M3=0),"",N3/M3) -> 0.081628066 | P3: =IF(L3=0,"DIM. ZERADA (trava)",IF(K3=0,"AUDIÊNCIA ZERO (trava)",IF(O3="","-",IF(O3>Parâmetros!$B$8,"DISPARO ↑ (cap)",IF(O3<Parâmetros!$B$9,"QUEDA ↓ (piso)",IF(AND(O3>=Parâmetros!$B$11,O3<=Parâmetros!$B$10),"ESTÁVEL","VARIAÇÃO")))))) -> QUEDA ↓ (piso) | Q3: =IF(N3="BLOQUEADO",M3,IF(O3>Parâmetros!$B$8,M3*Parâmetros!$B$8,IF(O3<Parâmetros!$B$9,M3*Parâmetros!$B$9,N3))) -> 2992.5812
A4: ESTADAO | B4: WWW.ESTADAO.COM.BR | C4: HOME PAGE | D4: BILLBOARD 2 | E4: DIARIA SEMANA | F4: 250 | G4: 970 | H4: 231779 | I4: 231779 | J4: 209.1 | K4: 3 | L4: =IF((F4*G4)=0,0,(F4*G4)/Parâmetros!$B$5) -> 169.71809 | M4: =(I4/Parâmetros!$B$6)*J4 -> 2761537.8 | N4: =IF(L4=0,"BLOQUEADO",(H4/L4)*J4*K4) -> 856685.13 | O4: =IF(OR(N4="BLOQUEADO",M4=0),"",N4/M4) -> 0.31022031 | P4: =IF(L4=0,"DIM. ZERADA (trava)",IF(K4=0,"AUDIÊNCIA ZERO (trava)",IF(O4="","-",IF(O4>Parâmetros!$B$8,"DISPARO ↑ (cap)",IF(O4<Parâmetros!$B$9,"QUEDA ↓ (piso)",IF(AND(O4>=Parâmetros!$B$11,O4<=Parâmetros!$B$10),"ESTÁVEL","VARIAÇÃO")))))) -> QUEDA ↓ (piso) | Q4: =IF(N4="BLOQUEADO",M4,IF(O4>Parâmetros!$B$8,M4*Parâmetros!$B$8,IF(O4<Parâmetros!$B$9,M4*Parâmetros!$B$9,N4))) -> 1380768.9
A5: GZH | B5: GAUCHAZH.CLICRBS.COM.BR/ | C5: HOME PAGE | D5: SUPER BANNER | E5: DIARIA | F5: 90 | G5: 728 | H5: 4800 | I5: 4800 | J5: 306 | K5: 3 | L5: =IF((F5*G5)=0,0,(F5*G5)/Parâmetros!$B$5) -> 45.855379 | M5: =(I5/Parâmetros!$B$6)*J5 -> 83692.308 | N5: =IF(L5=0,"BLOQUEADO",(H5/L5)*J5*K5) -> 96093.415 | O5: =IF(OR(N5="BLOQUEADO",M5=0),"",N5/M5) -> 1.148175 | P5: =IF(L5=0,"DIM. ZERADA (trava)",IF(K5=0,"AUDIÊNCIA ZERO (trava)",IF(O5="","-",IF(O5>Parâmetros!$B$8,"DISPARO ↑ (cap)",IF(O5<Parâmetros!$B$9,"QUEDA ↓ (piso)",IF(AND(O5>=Parâmetros!$B$11,O5<=Parâmetros!$B$10),"ESTÁVEL","VARIAÇÃO")))))) -> ESTÁVEL | Q5: =IF(N5="BLOQUEADO",M5,IF(O5>Parâmetros!$B$8,M5*Parâmetros!$B$8,IF(O5<Parâmetros!$B$9,M5*Parâmetros!$B$9,N5))) -> 96093.415
A6: GZH | B6: GAUCHAZH.CLICRBS.COM.BR/ | C6: HOME PAGE | D6: SELO LISTA | E6: CPM | F6: 50 | G6: 320 | H6: 20 | I6: 20 | J6: 392.5 | K6: 3 | L6: =IF((F6*G6)=0,0,(F6*G6)/Parâmetros!$B$5) -> 11.197895 | M6: =(I6/Parâmetros!$B$6)*J6 -> 447.29345 | N6: =IF(L6=0,"BLOQUEADO",(H6/L6)*J6*K6) -> 2103.0739 | O6: =IF(OR(N6="BLOQUEADO",M6=0),"",N6/M6) -> 4.7017766 | P6: =IF(L6=0,"DIM. ZERADA (trava)",IF(K6=0,"AUDIÊNCIA ZERO (trava)",IF(O6="","-",IF(O6>Parâmetros!$B$8,"DISPARO ↑ (cap)",IF(O6<Parâmetros!$B$9,"QUEDA ↓ (piso)",IF(AND(O6>=Parâmetros!$B$11,O6<=Parâmetros!$B$10),"ESTÁVEL","VARIAÇÃO")))))) -> DISPARO ↑ (cap) | Q6: =IF(N6="BLOQUEADO",M6,IF(O6>Parâmetros!$B$8,M6*Parâmetros!$B$8,IF(O6<Parâmetros!$B$9,M6*Parâmetros!$B$9,N6))) -> 894.58689
A7: VALOR | B7: VALOR.GLOBO.COM/ | C7: MOBILE CLUSTER | D7: RETANGULO CARROSSEL | E7: CPM | F7: 250 | G7: 300 | H7: 323 | I7: 323 | J7: 243.1 | K7: 3 | L7: =IF((F7*G7)=0,0,(F7*G7)/Parâmetros!$B$5) -> 52.490132 | M7: =(I7/Parâmetros!$B$6)*J7 -> 4474.1481 | N7: =IF(L7=0,"BLOQUEADO",(H7/L7)*J7*K7) -> 4487.775 | O7: =IF(OR(N7="BLOQUEADO",M7=0),"",N7/M7) -> 1.0030457 | P7: =IF(L7=0,"DIM. ZERADA (trava)",IF(K7=0,"AUDIÊNCIA ZERO (trava)",IF(O7="","-",IF(O7>Parâmetros!$B$8,"DISPARO ↑ (cap)",IF(O7<Parâmetros!$B$9,"QUEDA ↓ (piso)",IF(AND(O7>=Parâmetros!$B$11,O7<=Parâmetros!$B$10),"ESTÁVEL","VARIAÇÃO")))))) -> ESTÁVEL | Q7: =IF(N7="BLOQUEADO",M7,IF(O7>Parâmetros!$B$8,M7*Parâmetros!$B$8,IF(O7<Parâmetros!$B$9,M7*Parâmetros!$B$9,N7))) -> 4487.775
A8: VALOR | B8: VALOR.GLOBO.COM/ | C8: ROS | D8: HALF PAGE COM VIDEO | E8: CPM | F8: 600 | G8: 300 | H8: 404 | I8: 404 | J8: 230.4 | K8: 3 | L8: =IF((F8*G8)=0,0,(F8*G8)/Parâmetros!$B$5) -> 125.97632 | M8: =(I8/Parâmetros!$B$6)*J8 -> 5303.7949 | N8: =IF(L8=0,"BLOQUEADO",(H8/L8)*J8*K8) -> 2216.6452 | O8: =IF(OR(N8="BLOQUEADO",M8=0),"",N8/M8) -> 0.4179357 | P8: =IF(L8=0,"DIM. ZERADA (trava)",IF(K8=0,"AUDIÊNCIA ZERO (trava)",IF(O8="","-",IF(O8>Parâmetros!$B$8,"DISPARO ↑ (cap)",IF(O8<Parâmetros!$B$9,"QUEDA ↓ (piso)",IF(AND(O8>=Parâmetros!$B$11,O8<=Parâmetros!$B$10),"ESTÁVEL","VARIAÇÃO")))))) -> QUEDA ↓ (piso) | Q8: =IF(N8="BLOQUEADO",M8,IF(O8>Parâmetros!$B$8,M8*Parâmetros!$B$8,IF(O8<Parâmetros!$B$9,M8*Parâmetros!$B$9,N8))) -> 2651.8974
A9: CNN BRASIL | B9: WWW.CNNBRASIL.COM.BR | C9: ECONOMIA | D9: BANNER | E9: DIARIA | F9: 21 | G9: 278 | H9: 120000 | I9: 120000 | J9: 84.5 | K9: 3 | L9: =IF((F9*G9)=0,0,(F9*G9)/Parâmetros!$B$5) -> 4.0858319 | M9: =(I9/Parâmetros!$B$6)*J9 -> 577777.78 | N9: =IF(L9=0,"BLOQUEADO",(H9/L9)*J9*K9) -> 7445240.3 | O9: =IF(OR(N9="BLOQUEADO",M9=0),"",N9/M9) -> 12.885993 | P9: =IF(L9=0,"DIM. ZERADA (trava)",IF(K9=0,"AUDIÊNCIA ZERO (trava)",IF(O9="","-",IF(O9>Parâmetros!$B$8,"DISPARO ↑ (cap)",IF(O9<Parâmetros!$B$9,"QUEDA ↓ (piso)",IF(AND(O9>=Parâmetros!$B$11,O9<=Parâmetros!$B$10),"ESTÁVEL","VARIAÇÃO")))))) -> DISPARO ↑ (cap) | Q9: =IF(N9="BLOQUEADO",M9,IF(O9>Parâmetros!$B$8,M9*Parâmetros!$B$8,IF(O9<Parâmetros!$B$9,M9*Parâmetros!$B$9,N9))) -> 1155555.6
A10: R7 | B10: WWW.R7.COM.BR | C10: MOBILE | D10: PRE ROLL C SKIP | E10: CPV | F10: 432 | G10: 768 | H10: 0.52 | I10: 0.52 | J10: 151.3 | K10: 3 | L10: =IF((F10*G10)=0,0,(F10*G10)/Parâmetros!$B$5) -> 232.19955 | M10: =(I10/Parâmetros!$B$6)*J10 -> 4.482963 | N10: =IF(L10=0,"BLOQUEADO",(H10/L10)*J10*K10) -> 1.0164878 | O10: =IF(OR(N10="BLOQUEADO",M10=0),"",N10/M10) -> 0.22674463 | P10: =IF(L10=0,"DIM. ZERADA (trava)",IF(K10=0,"AUDIÊNCIA ZERO (trava)",IF(O10="","-",IF(O10>Parâmetros!$B$8,"DISPARO ↑ (cap)",IF(O10<Parâmetros!$B$9,"QUEDA ↓ (piso)",IF(AND(O10>=Parâmetros!$B$11,O10<=Parâmetros!$B$10),"ESTÁVEL","VARIAÇÃO")))))) -> QUEDA ↓ (piso) | Q10: =IF(N10="BLOQUEADO",M10,IF(O10>Parâmetros!$B$8,M10*Parâmetros!$B$8,IF(O10<Parâmetros!$B$9,M10*Parâmetros!$B$9,N10))) -> 2.2414815
A11: CNN BRASIL | B11: WWW.CNNBRASIL.COM.BR | C11: ESPORTE | D11: MOBILE BANNER | E11: CPM | F11: 250 | G11: 300 | H11: 60 | I11: 60 | J11: 230 | K11: 3 | L11: =IF((F11*G11)=0,0,(F11*G11)/Parâmetros!$B$5) -> 52.490132 | M11: =(I11/Parâmetros!$B$6)*J11 -> 786.32479 | N11: =IF(L11=0,"BLOQUEADO",(H11/L11)*J11*K11) -> 788.71968 | O11: =IF(OR(N11="BLOQUEADO",M11=0),"",N11/M11) -> 1.0030457 | P11: =IF(L11=0,"DIM. ZERADA (trava)",IF(K11=0,"AUDIÊNCIA ZERO (trava)",IF(O11="","-",IF(O11>Parâmetros!$B$8,"DISPARO ↑ (cap)",IF(O11<Parâmetros!$B$9,"QUEDA ↓ (piso)",IF(AND(O11>=Parâmetros!$B$11,O11<=Parâmetros!$B$10),"ESTÁVEL","VARIAÇÃO")))))) -> ESTÁVEL | Q11: =IF(N11="BLOQUEADO",M11,IF(O11>Parâmetros!$B$8,M11*Parâmetros!$B$8,IF(O11<Parâmetros!$B$9,M11*Parâmetros!$B$9,N11))) -> 788.71968
A12: VALOR | B12: VALOR.GLOBO.COM/ | C12: ROS | D12: BILLBOARD C/ VIDEO | E12: CPM | F12: 250 | G12: 970 | H12: 404 | I12: 404 | J12: 290.9 | K12: 3 | L12: =IF((F12*G12)=0,0,(F12*G12)/Parâmetros!$B$5) -> 169.71809 | M12: =(I12/Parâmetros!$B$6)*J12 -> 6696.5014 | N12: =IF(L12=0,"BLOQUEADO",(H12/L12)*J12*K12) -> 2077.3908 | O12: =IF(OR(N12="BLOQUEADO",M12=0),"",N12/M12) -> 0.31022031 | P12: =IF(L12=0,"DIM. ZERADA (trava)",IF(K12=0,"AUDIÊNCIA ZERO (trava)",IF(O12="","-",IF(O12>Parâmetros!$B$8,"DISPARO ↑ (cap)",IF(O12<Parâmetros!$B$9,"QUEDA ↓ (piso)",IF(AND(O12>=Parâmetros!$B$11,O12<=Parâmetros!$B$10),"ESTÁVEL","VARIAÇÃO")))))) -> QUEDA ↓ (piso) | Q12: =IF(N12="BLOQUEADO",M12,IF(O12>Parâmetros!$B$8,M12*Parâmetros!$B$8,IF(O12<Parâmetros!$B$9,M12*Parâmetros!$B$9,N12))) -> 3348.2507
A13: R7 | B13: WWW.R7.COM.BR | C13: HOME PAGE | D13: POS ROLL C SKIP | E13: CPV | F13: 432 | G13: 768 | H13: 0.52 | I13: 0.52 | J13: 333.3 | K13: 3 | L13: =IF((F13*G13)=0,0,(F13*G13)/Parâmetros!$B$5) -> 232.19955 | M13: =(I13/Parâmetros!$B$6)*J13 -> 9.8755556 | N13: =IF(L13=0,"BLOQUEADO",(H13/L13)*J13*K13) -> 2.2392292 | O13: =IF(OR(N13="BLOQUEADO",M13=0),"",N13/M13) -> 0.22674463 | P13: =IF(L13=0,"DIM. ZERADA (trava)",IF(K13=0,"AUDIÊNCIA ZERO (trava)",IF(O13="","-",IF(O13>Parâmetros!$B$8,"DISPARO ↑ (cap)",IF(O13<Parâmetros!$B$9,"QUEDA ↓ (piso)",IF(AND(O13>=Parâmetros!$B$11,O13<=Parâmetros!$B$10),"ESTÁVEL","VARIAÇÃO")))))) -> QUEDA ↓ (piso) | Q13: =IF(N13="BLOQUEADO",M13,IF(O13>Parâmetros!$B$8,M13*Parâmetros!$B$8,IF(O13<Parâmetros!$B$9,M13*Parâmetros!$B$9,N13))) -> 4.9377778
... A40: POP MUNDI | B40: HTTPS://POPMUNDI.COM.BR/ | C40: MOBILE | D40: BANNER SMALL | E40: MENSAL | F40: 20 | G40: 120 | H40: 7850 | I40: 7850 | J40: 254.7 | K40: 1.67 | L40: =IF((F40*G40)=0,0,(F40*G40)/Parâmetros!$B$5) -> 1.6796842 | M40: =(I40/Parâmetros!$B$6)*J40 -> 113925.64 | N40: =IF(L40=0,"BLOQUEADO",(H40/L40)*J40*K40) -> 1987867.5 | O40: =IF(OR(N40="BLOQUEADO",M40=0),"",N40/M40) -> 17.448815 | P40: =IF(L40=0,"DIM. ZERADA (trava)",IF(K40=0,"AUDIÊNCIA ZERO (trava)",IF(O40="","-",IF(O40>Parâmetros!$B$8,"DISPARO ↑ (cap)",IF(O40<Parâmetros!$B$9,"QUEDA ↓ (piso)",IF(AND(O40>=Parâmetros!$B$11,O40<=Parâmetros!$B$10),"ESTÁVEL","VARIAÇÃO")))))) -> DISPARO ↑ (cap) | Q40: =IF(N40="BLOQUEADO",M40,IF(O40>Parâmetros!$B$8,M40*Parâmetros!$B$8,IF(O40<Parâmetros!$B$9,M40*Parâmetros!$B$9,N40))) -> 227851.28

Sheet Resumo · Impacto
A1: Comparativo de Impacto — Modelo Antigo × Modelo Novo
A2: Indicadores calculados sobre a aba "Entrada e Cálculo" (amostra Jovedata).
A4: COBERTURA
A5: Linhas na amostra | B5: =COUNTA('Entrada e Cálculo'!A2:A40) -> 39
A6: Bloqueadas (dimensão/audiência zerada) | B6: =COUNTIF('Entrada e Cálculo'!N2:N40,"BLOQUEADO") -> 8
A7: Calculáveis no modelo novo | B7: =COUNT('Entrada e Cálculo'!O2:O40) -> 31
A8: % calculável | B8: =COUNT('Entrada e Cálculo'!O2:O40)/COUNTA('Entrada e Cálculo'!A2:A40) -> 0.79487179
A9: IMPACTO (Razão Novo/Antigo)
A10: Mediana da razão | B10: =MEDIAN('Entrada e Cálculo'!O2:O40) -> 1.0030457
A11: Média da razão | B11: =AVERAGE('Entrada e Cálculo'!O2:O40) -> 811.90652
A12: Mínimo | B12: =MIN('Entrada e Cálculo'!O2:O40) -> 0.074631375
A13: Máximo (gargalo de disparo) | B13: =MAX('Entrada e Cálculo'!O2:O40) -> 25076.142
A14: FAIXAS DE IMPACTO
A15: Cai mais de 50% (<0,5x) | B15: =COUNTIFS('Entrada e Cálculo'!O2:O40,"<0.5") -> 14
A16: Cai 20–50% (0,5–0,8x) | B16: =COUNTIFS('Entrada e Cálculo'!O2:O40,">=0.5",'Entrada e Cálculo'!O2:O40,"<0.8") -> 0
A17: Estável ±25% (0,8–1,25x) | B17: =COUNTIFS('Entrada e Cálculo'!O2:O40,">=0.8",'Entrada e Cálculo'!O2:O40,"<=1.25") -> 6
A18: Sobe 25–100% (1,25–2x) | B18: =COUNTIFS('Entrada e Cálculo'!O2:O40,">1.25",'Entrada e Cálculo'!O2:O40,"<=2") -> 1
A19: Dispara acima de 2x | B19: =COUNTIFS('Entrada e Cálculo'!O2:O40,">2") -> 10
A20: EFEITO FINANCEIRO (somatório da amostra)
A21: Total VALOR ANTIGO | B21: =SUM('Entrada e Cálculo'!M2:M40) -> 36717887
A22: Total VALOR NOVO bruto (sem trava) | B22: =SUMIF('Entrada e Cálculo'!N2:N40,"<>BLOQUEADO") -> 4.2525977e+09
A23: Total VALOR FINAL com trava | B23: =SUM('Entrada e Cálculo'!Q2:Q40) -> 38559416
A24: Variação % final vs antigo | B24: =SUM('Entrada e Cálculo'!Q2:Q40)/SUM('Entrada e Cálculo'!M2:M40)-1 -> 0.050153455
